{"filter":false,"title":"insulin.json","tooltip":"/file/insulin.json","ace":{"folds":[],"scrolltop":41,"scrollleft":0,"selection":{"start":{"row":24,"column":17},"end":{"row":24,"column":17},"isBackwards":false},"options":{"guessTabSize":true,"useWrapMode":false,"wrapToView":true},"firstLineState":0},"hash":"bafe4137eaf1d609bc16579e6693530d5a21667a","undoManager":{"mark":0,"position":0,"stack":[[{"start":{"row":0,"column":0},"end":{"row":29,"column":41},"action":"insert","lines":["{","   \"molecules\":{","      \"lsInsulin\":\"malwmrllpllallalwgpdpaaa\",","      \"bInsulin\":\"fvnqhlcgshlvealylvcgergffytpkt\",","      \"aInsulin\":\"giveqcctsicslyqlenycn\",","      \"cInsulin\":\"rreaedlqvgqvelgggpgagslqplalegslqkr\"","   },","   \"weights\":{","      \"A\":89.09,","      \"C\":121.16,","      \"D\":133.10,","      \"E\":147.13,","      \"F\":165.19,","      \"G\":75.07,","      \"H\":155.16,","      \"I\":131.17,","      \"K\":146.19,","      \"L\":131.17,","      \"M\":149.21,","      \"N\":132.12,","      \"P\":115.13,","      \"Q\":146.15,","      \"R\":174.20,","      \"S\":105.09,","      \"T\":119.12,","      \"V\":117.15,","      \"W\":204.23,","      \"Y\":181.19","   },","   \"molecularWeightInsulinActual\":5807.63"],"id":1}]]},"timestamp":1729069796211}